--------------------------------------------------------
--  DDL for Table AUTOR
--------------------------------------------------------
drop table autor cascade constraint;
drop table categoria cascade constraint;
drop table cliente cascade constraint;
drop table comuna cascade constraint;
drop table detalle_venta cascade constraint;
drop table editorial cascade constraint;
drop table libro cascade constraint;
drop table venta cascade constraint;

  CREATE TABLE AUTOR 
   (	IDENTIFICADOR_AUTOR NUMBER, 
	NOMBRES VARCHAR2(50 BYTE), 
	APELLIDO_PATERNO VARCHAR2(100 BYTE), 
	APELLIDO_MATERNO VARCHAR2(100 BYTE), 
	PSEUDONIMO VARCHAR2(100 BYTE), 
	NACIONALIDAD VARCHAR2(100 BYTE), 
	FECHA_NACIMIENTO DATE, 
	FECHA_DEFUNCION DATE, 
	RUT_EDITORIAL NUMBER
   ) ;
--------------------------------------------------------
--  DDL for Table CATEGORIA
--------------------------------------------------------

  CREATE TABLE CATEGORIA 
   (	ID_CATEGORIA NUMBER, 
	DESCRIPCION VARCHAR2(100 BYTE)
   ) ;
--------------------------------------------------------
--  DDL for Table CLIENTE
--------------------------------------------------------

  CREATE TABLE CLIENTE 
   (	COD_CLIENTE NUMBER, 
	NOMBRES VARCHAR2(100 BYTE), 
	AP_PATERNO VARCHAR2(100 BYTE), 
	AP_MATERNO VARCHAR2(100 BYTE), 
	TELEFONO NUMBER, 
	DIRECCION VARCHAR2(100 BYTE), 
	EMAIL VARCHAR2(100 BYTE), 
	IDEN_COMUNA VARCHAR2(100 BYTE)
   ) ;
--------------------------------------------------------
--  DDL for Table COMUNA
--------------------------------------------------------

  CREATE TABLE COMUNA 
   (	IDEN_COMUNA NUMBER, 
	DESCRIPCION_COMUNA VARCHAR2(100 BYTE)
   ) ;
--------------------------------------------------------
--  DDL for Table DETALLE_VENTA
--------------------------------------------------------

  CREATE TABLE DETALLE_VENTA 
   (	NRO_BOLETA NUMBER, 
	CORRELATIVO_LIBRO NUMBER, 
	CANTIDAD NUMBER, 
	DESCUENTO NUMBER, 
	VALOR_FINAL NUMBER
   ) ;
--------------------------------------------------------
--  DDL for Table EDITORIAL
--------------------------------------------------------

  CREATE TABLE EDITORIAL 
   (	RUT NUMBER, 
	NOMBRE_EDITORIAL VARCHAR2(100 BYTE), 
	DIRECCION_CASA_MATRIZ VARCHAR2(100 BYTE), 
	TELEFONO_CASA_MATRIZ NUMBER
   ) ;
--------------------------------------------------------
--  DDL for Table LIBRO
--------------------------------------------------------

  CREATE TABLE LIBRO 
   (	CORRELATIVO_LIBRO NUMBER, 
	TITULO VARCHAR2(200 BYTE), 
	ID_CATEGORIA NUMBER, 
	IDENTIFICADOR_AUTOR NUMBER, 
	RESUMEN_EJECUTIVO CLOB, 
	NRO_PAGINAS NUMBER, 
	ISBN VARCHAR2(20 BYTE), 
	STOCK NUMBER, 
	VALOR_NETO NUMBER, 
	NUMERO_EDICION VARCHAR2(50 BYTE)
   ) ;
--------------------------------------------------------
--  DDL for Table VENTA
--------------------------------------------------------

  CREATE TABLE VENTA 
   (	NRO_BOLETA NUMBER, 
	COD_CLIENTE NUMBER, 
	FECHA_VENTA DATE, 
	MONTO_NETO NUMBER, 
	PORC_IVA NUMBER
   ) ;
REM INSERTING into AUTOR
SET DEFINE OFF;
Insert into AUTOR (IDENTIFICADOR_AUTOR,NOMBRES,APELLIDO_PATERNO,APELLIDO_MATERNO,PSEUDONIMO,NACIONALIDAD,FECHA_NACIMIENTO,FECHA_DEFUNCION,RUT_EDITORIAL) values ('1','GABRIELA','MISTRAL',null,null,'CHILENA',to_date('08/03/1895','DD/MM/YYYY'),to_date('05/02/1979','DD/MM/YYYY'),'92350931');
Insert into AUTOR (IDENTIFICADOR_AUTOR,NOMBRES,APELLIDO_PATERNO,APELLIDO_MATERNO,PSEUDONIMO,NACIONALIDAD,FECHA_NACIMIENTO,FECHA_DEFUNCION,RUT_EDITORIAL) values ('2','NEFTALI','REYES','BASUALTO','PABLO NERUDA','CHILENA',to_date('08/06/1906','DD/MM/YYYY'),to_date('05/10/1973','DD/MM/YYYY'),'92350931');
Insert into AUTOR (IDENTIFICADOR_AUTOR,NOMBRES,APELLIDO_PATERNO,APELLIDO_MATERNO,PSEUDONIMO,NACIONALIDAD,FECHA_NACIMIENTO,FECHA_DEFUNCION,RUT_EDITORIAL) values ('3','Wallace','Wallace','Josefa',null,'CHILENA',to_date('18/08/1976','DD/MM/YYYY'),null,'92350931');
Insert into AUTOR (IDENTIFICADOR_AUTOR,NOMBRES,APELLIDO_PATERNO,APELLIDO_MATERNO,PSEUDONIMO,NACIONALIDAD,FECHA_NACIMIENTO,FECHA_DEFUNCION,RUT_EDITORIAL) values ('5','Jorge ','Baradit',null,null,'CHILENA',to_date('04/07/1970','DD/MM/YYYY'),null,'89234567');
Insert into AUTOR (IDENTIFICADOR_AUTOR,NOMBRES,APELLIDO_PATERNO,APELLIDO_MATERNO,PSEUDONIMO,NACIONALIDAD,FECHA_NACIMIENTO,FECHA_DEFUNCION,RUT_EDITORIAL) values ('4','García','Marquez','Gabriel',null,'COLOMBIANA',to_date('18/08/1928','DD/MM/YYYY'),to_date('25/10/2014','DD/MM/YYYY'),'87654382');
Insert into AUTOR (IDENTIFICADOR_AUTOR,NOMBRES,APELLIDO_PATERNO,APELLIDO_MATERNO,PSEUDONIMO,NACIONALIDAD,FECHA_NACIMIENTO,FECHA_DEFUNCION,RUT_EDITORIAL) values ('6','Mario','Vargas','Llosa',null,'PERUANA',to_date('04/07/1954','DD/MM/YYYY'),null,'89234567');
Insert into AUTOR (IDENTIFICADOR_AUTOR,NOMBRES,APELLIDO_PATERNO,APELLIDO_MATERNO,PSEUDONIMO,NACIONALIDAD,FECHA_NACIMIENTO,FECHA_DEFUNCION,RUT_EDITORIAL) values ('7','Vicente','Huidobro',null,null,'CHILENA',to_date('12/12/1856','DD/MM/YYYY'),to_date('18/08/1945','DD/MM/YYYY'),'89234567');
REM INSERTING into CATEGORIA
SET DEFINE OFF;
Insert into CATEGORIA (ID_CATEGORIA,DESCRIPCION) values ('1','Clásica y cuentos');
Insert into CATEGORIA (ID_CATEGORIA,DESCRIPCION) values ('2','Novela');
Insert into CATEGORIA (ID_CATEGORIA,DESCRIPCION) values ('3','Libros Infantiles');
Insert into CATEGORIA (ID_CATEGORIA,DESCRIPCION) values ('4','Poemas');
REM INSERTING into CLIENTE
SET DEFINE OFF;
Insert into CLIENTE (COD_CLIENTE,NOMBRES,AP_PATERNO,AP_MATERNO,TELEFONO,DIRECCION,EMAIL,IDEN_COMUNA) values ('1','Eugenia Francisca','Olavarria','Becerra','6575439','El picadero 0600','e.olavarria@gmail.com','1');
Insert into CLIENTE (COD_CLIENTE,NOMBRES,AP_PATERNO,AP_MATERNO,TELEFONO,DIRECCION,EMAIL,IDEN_COMUNA) values ('2','Sebastian','Rodriguez','Pinto','87434567','Las Acacias 867','srodrigu@cuprum.cl','2');
Insert into CLIENTE (COD_CLIENTE,NOMBRES,AP_PATERNO,AP_MATERNO,TELEFONO,DIRECCION,EMAIL,IDEN_COMUNA) values ('3','EUGENIA','PEREZ','MANRIQUEZ','22234576','direccion 1',null,'1');
Insert into CLIENTE (COD_CLIENTE,NOMBRES,AP_PATERNO,AP_MATERNO,TELEFONO,DIRECCION,EMAIL,IDEN_COMUNA) values ('4','MARGARITA','SEPULVEDA','CARRASCO','22234572','direccion 2','msepul@trabajo.cl','1');
Insert into CLIENTE (COD_CLIENTE,NOMBRES,AP_PATERNO,AP_MATERNO,TELEFONO,DIRECCION,EMAIL,IDEN_COMUNA) values ('5','PEDRO','CORTES','CABRERA','22234571','direccion 3',null,'2');
Insert into CLIENTE (COD_CLIENTE,NOMBRES,AP_PATERNO,AP_MATERNO,TELEFONO,DIRECCION,EMAIL,IDEN_COMUNA) values ('6','HECTOR','JARAMILLO','CARCAMO','22234573',null,null,'3');
Insert into CLIENTE (COD_CLIENTE,NOMBRES,AP_PATERNO,AP_MATERNO,TELEFONO,DIRECCION,EMAIL,IDEN_COMUNA) values ('7','CRISTIAN','AVILES','CARDENAS','22234574','direccion 51','caviles@colegiollaima.cl','3');
Insert into CLIENTE (COD_CLIENTE,NOMBRES,AP_PATERNO,AP_MATERNO,TELEFONO,DIRECCION,EMAIL,IDEN_COMUNA) values ('8','JUAN','CASTILLO','BECERRA','22234575','direccion 25',null,'4');
Insert into CLIENTE (COD_CLIENTE,NOMBRES,AP_PATERNO,AP_MATERNO,TELEFONO,DIRECCION,EMAIL,IDEN_COMUNA) values ('9','SANDRA','VEGA','TAPIA','29234578','direccion 57',null,'4');
Insert into CLIENTE (COD_CLIENTE,NOMBRES,AP_PATERNO,AP_MATERNO,TELEFONO,DIRECCION,EMAIL,IDEN_COMUNA) values ('10','LUIS','POBLETE','ARRIAGADA','22298765',null,null,'3');
Insert into CLIENTE (COD_CLIENTE,NOMBRES,AP_PATERNO,AP_MATERNO,TELEFONO,DIRECCION,EMAIL,IDEN_COMUNA) values ('11','FRANCISCO','MUÑOZ','GACITUA','34568576','direccion 59',null,'1');
Insert into CLIENTE (COD_CLIENTE,NOMBRES,AP_PATERNO,AP_MATERNO,TELEFONO,DIRECCION,EMAIL,IDEN_COMUNA) values ('12','SERGIO','ORTEGA','PEDREROS','56334576','direccion 56',null,'3');
Insert into CLIENTE (COD_CLIENTE,NOMBRES,AP_PATERNO,AP_MATERNO,TELEFONO,DIRECCION,EMAIL,IDEN_COMUNA) values ('13','OSCAR','JORQUERA','VILLEGAS','34566229','direccion 55',null,'2');
update cliente set iden_comuna = 'Santiago' where iden_comuna = '1';
update cliente set iden_comuna = 'Ñuñoa' where iden_comuna = '2';
update cliente set iden_comuna = 'La Florida' where iden_comuna = '3';
update cliente set iden_comuna = 'Puente Alto' where iden_comuna = '4';

REM INSERTING into COMUNA
SET DEFINE OFF;
Insert into COMUNA (IDEN_COMUNA,DESCRIPCION_COMUNA) values ('1','Santiago');
Insert into COMUNA (IDEN_COMUNA,DESCRIPCION_COMUNA) values ('2','Ñuñoa');
Insert into COMUNA (IDEN_COMUNA,DESCRIPCION_COMUNA) values ('3','La Florida');
Insert into COMUNA (IDEN_COMUNA,DESCRIPCION_COMUNA) values ('4','Puente Alto');
REM INSERTING into DETALLE_VENTA
SET DEFINE OFF;
Insert into DETALLE_VENTA (NRO_BOLETA,CORRELATIVO_LIBRO,CANTIDAD,DESCUENTO,VALOR_FINAL) values ('10','1','1','5','10725');
Insert into DETALLE_VENTA (NRO_BOLETA,CORRELATIVO_LIBRO,CANTIDAD,DESCUENTO,VALOR_FINAL) values ('10','2','1','5','16916');
Insert into DETALLE_VENTA (NRO_BOLETA,CORRELATIVO_LIBRO,CANTIDAD,DESCUENTO,VALOR_FINAL) values ('20','3','1','5','18790');
Insert into DETALLE_VENTA (NRO_BOLETA,CORRELATIVO_LIBRO,CANTIDAD,DESCUENTO,VALOR_FINAL) values ('30','4','2','10','23590');
Insert into DETALLE_VENTA (NRO_BOLETA,CORRELATIVO_LIBRO,CANTIDAD,DESCUENTO,VALOR_FINAL) values ('40','5','1','5','10131');
Insert into DETALLE_VENTA (NRO_BOLETA,CORRELATIVO_LIBRO,CANTIDAD,DESCUENTO,VALOR_FINAL) values ('50','6','1','5','14294');
Insert into DETALLE_VENTA (NRO_BOLETA,CORRELATIVO_LIBRO,CANTIDAD,DESCUENTO,VALOR_FINAL) values ('60','7','1','5','12162');
Insert into DETALLE_VENTA (NRO_BOLETA,CORRELATIVO_LIBRO,CANTIDAD,DESCUENTO,VALOR_FINAL) values ('70','7','1','5','12162');
Insert into DETALLE_VENTA (NRO_BOLETA,CORRELATIVO_LIBRO,CANTIDAD,DESCUENTO,VALOR_FINAL) values ('70','1','2','10','20322');
Insert into DETALLE_VENTA (NRO_BOLETA,CORRELATIVO_LIBRO,CANTIDAD,DESCUENTO,VALOR_FINAL) values ('80','2','1',null,'17807');
Insert into DETALLE_VENTA (NRO_BOLETA,CORRELATIVO_LIBRO,CANTIDAD,DESCUENTO,VALOR_FINAL) values ('90','3','1',null,'19779');
Insert into DETALLE_VENTA (NRO_BOLETA,CORRELATIVO_LIBRO,CANTIDAD,DESCUENTO,VALOR_FINAL) values ('100','4','1',null,'13106');
Insert into DETALLE_VENTA (NRO_BOLETA,CORRELATIVO_LIBRO,CANTIDAD,DESCUENTO,VALOR_FINAL) values ('110','5','1',null,'10665');
Insert into DETALLE_VENTA (NRO_BOLETA,CORRELATIVO_LIBRO,CANTIDAD,DESCUENTO,VALOR_FINAL) values ('120','6','1',null,'15047');
Insert into DETALLE_VENTA (NRO_BOLETA,CORRELATIVO_LIBRO,CANTIDAD,DESCUENTO,VALOR_FINAL) values ('130','6','3','10','40626');
Insert into DETALLE_VENTA (NRO_BOLETA,CORRELATIVO_LIBRO,CANTIDAD,DESCUENTO,VALOR_FINAL) values ('140','7','1',null,'12803');
Insert into DETALLE_VENTA (NRO_BOLETA,CORRELATIVO_LIBRO,CANTIDAD,DESCUENTO,VALOR_FINAL) values ('150','7','1',null,'12803');
REM INSERTING into EDITORIAL
SET DEFINE OFF;
Insert into EDITORIAL (RUT,NOMBRE_EDITORIAL,DIRECCION_CASA_MATRIZ,TELEFONO_CASA_MATRIZ) values ('92350931','Zig-Zag','Eleodoro Yañez 2050, Santiago','93234432');
Insert into EDITORIAL (RUT,NOMBRE_EDITORIAL,DIRECCION_CASA_MATRIZ,TELEFONO_CASA_MATRIZ) values ('89234567','Alianza','Las Palmas 261, Ñuñoa','87732233');
Insert into EDITORIAL (RUT,NOMBRE_EDITORIAL,DIRECCION_CASA_MATRIZ,TELEFONO_CASA_MATRIZ) values ('87654382','Prentice Hall','Américo Vespucio 965, Macul','56356732');
REM INSERTING into LIBRO
SET DEFINE OFF;
Insert into LIBRO (CORRELATIVO_LIBRO,TITULO,ID_CATEGORIA,IDENTIFICADOR_AUTOR,NRO_PAGINAS,ISBN,STOCK,VALOR_NETO,NUMERO_EDICION) values ('1','Rondas De Gabriela Mistral','1','1','120','SLP22782','146','11290','1');
Insert into LIBRO (CORRELATIVO_LIBRO,TITULO,ID_CATEGORIA,IDENTIFICADOR_AUTOR,NRO_PAGINAS,ISBN,STOCK,VALOR_NETO,NUMERO_EDICION) values ('2','Gabriela Mistral: Seleccion Poetica','1','1','134','SLP61878','1845','17807','2');
Insert into LIBRO (CORRELATIVO_LIBRO,TITULO,ID_CATEGORIA,IDENTIFICADOR_AUTOR,NRO_PAGINAS,ISBN,STOCK,VALOR_NETO,NUMERO_EDICION) values ('3','Desolación','2','1','210','SLP64296','450','19779','3');
Insert into LIBRO (CORRELATIVO_LIBRO,TITULO,ID_CATEGORIA,IDENTIFICADOR_AUTOR,NRO_PAGINAS,ISBN,STOCK,VALOR_NETO,NUMERO_EDICION) values ('4','Gabriela Mistral, Poemas Ilustrados','4','1','145','SLP14716','2798','13106','4');
Insert into LIBRO (CORRELATIVO_LIBRO,TITULO,ID_CATEGORIA,IDENTIFICADOR_AUTOR,NRO_PAGINAS,ISBN,STOCK,VALOR_NETO,NUMERO_EDICION) values ('5','Canto General ','4','2','80','SLP11506','1246','10665','1');
Insert into LIBRO (CORRELATIVO_LIBRO,TITULO,ID_CATEGORIA,IDENTIFICADOR_AUTOR,NRO_PAGINAS,ISBN,STOCK,VALOR_NETO,NUMERO_EDICION) values ('6','Antología Fundamental','1','2','109','SLP92774','1385','15047','2');
Insert into LIBRO (CORRELATIVO_LIBRO,TITULO,ID_CATEGORIA,IDENTIFICADOR_AUTOR,NRO_PAGINAS,ISBN,STOCK,VALOR_NETO,NUMERO_EDICION) values ('7','Confieso que he vivido','2','2','207','SLP32230','595','12803','3');
Insert into LIBRO (CORRELATIVO_LIBRO,TITULO,ID_CATEGORIA,IDENTIFICADOR_AUTOR,NRO_PAGINAS,ISBN,STOCK,VALOR_NETO,NUMERO_EDICION) values ('8','Pablo Neruda para niños','3','2','182','SLP43095','2166','11752','1');
Insert into LIBRO (CORRELATIVO_LIBRO,TITULO,ID_CATEGORIA,IDENTIFICADOR_AUTOR,NRO_PAGINAS,ISBN,STOCK,VALOR_NETO,NUMERO_EDICION) values ('9','Odas Elementales','1','2','89','SLP10759','831','14303','1');
Insert into LIBRO (CORRELATIVO_LIBRO,TITULO,ID_CATEGORIA,IDENTIFICADOR_AUTOR,NRO_PAGINAS,ISBN,STOCK,VALOR_NETO,NUMERO_EDICION) values ('10','Cartas de amor y desamor','2','1','320','SLP44138','2558','17068','1');
Insert into LIBRO (CORRELATIVO_LIBRO,TITULO,ID_CATEGORIA,IDENTIFICADOR_AUTOR,NRO_PAGINAS,ISBN,STOCK,VALOR_NETO,NUMERO_EDICION) values ('11','Cien años de soledad','2','4','430','SLP18488','1321','23351','2');
Insert into LIBRO (CORRELATIVO_LIBRO,TITULO,ID_CATEGORIA,IDENTIFICADOR_AUTOR,NRO_PAGINAS,ISBN,STOCK,VALOR_NETO,NUMERO_EDICION) values ('12','El amor en los tiempos de Cólera','2','4','230','SLP33063','1907','12560','3');
Insert into LIBRO (CORRELATIVO_LIBRO,TITULO,ID_CATEGORIA,IDENTIFICADOR_AUTOR,NRO_PAGINAS,ISBN,STOCK,VALOR_NETO,NUMERO_EDICION) values ('13','Crónica de una muerte anunciada','2','4','321','SLP41208','2038','15560','4');
Insert into LIBRO (CORRELATIVO_LIBRO,TITULO,ID_CATEGORIA,IDENTIFICADOR_AUTOR,NRO_PAGINAS,ISBN,STOCK,VALOR_NETO,NUMERO_EDICION) values ('14','Historia Secreta de Chile','2','5','107','SLP14431','1003','16806','1');
Insert into LIBRO (CORRELATIVO_LIBRO,TITULO,ID_CATEGORIA,IDENTIFICADOR_AUTOR,NRO_PAGINAS,ISBN,STOCK,VALOR_NETO,NUMERO_EDICION) values ('15','Synco','2','5','408','SLP97750','3268','10393','2');
Insert into LIBRO (CORRELATIVO_LIBRO,TITULO,ID_CATEGORIA,IDENTIFICADOR_AUTOR,NRO_PAGINAS,ISBN,STOCK,VALOR_NETO,NUMERO_EDICION) values ('16','Kalfukura el corazón de la tierra','2','5','291','SLP93347','2609','20689','3');
Insert into LIBRO (CORRELATIVO_LIBRO,TITULO,ID_CATEGORIA,IDENTIFICADOR_AUTOR,NRO_PAGINAS,ISBN,STOCK,VALOR_NETO,NUMERO_EDICION) values ('17','La ciudad y los perros','1','6','262','SLP68834','1550','17034','1');
Insert into LIBRO (CORRELATIVO_LIBRO,TITULO,ID_CATEGORIA,IDENTIFICADOR_AUTOR,NRO_PAGINAS,ISBN,STOCK,VALOR_NETO,NUMERO_EDICION) values ('18','Travesuras de niña mala','2','6','323','SLP80356','533','10276','1');
Insert into LIBRO (CORRELATIVO_LIBRO,TITULO,ID_CATEGORIA,IDENTIFICADOR_AUTOR,NRO_PAGINAS,ISBN,STOCK,VALOR_NETO,NUMERO_EDICION) values ('19','Pantaleón y las visitadoras','1','6','345','SLP2151','3342','17568','1');
Insert into LIBRO (CORRELATIVO_LIBRO,TITULO,ID_CATEGORIA,IDENTIFICADOR_AUTOR,NRO_PAGINAS,ISBN,STOCK,VALOR_NETO,NUMERO_EDICION) values ('20','Altazor','1','7','197','SLP80138','3238','10757','6');
REM INSERTING into VENTA
SET DEFINE OFF;
Insert into VENTA (NRO_BOLETA,COD_CLIENTE,FECHA_VENTA,MONTO_NETO,PORC_IVA) values ('10','3',to_date('01/03/17','DD/MM/RR'),'27642','19');
Insert into VENTA (NRO_BOLETA,COD_CLIENTE,FECHA_VENTA,MONTO_NETO,PORC_IVA) values ('20','4',to_date('01/03/17','DD/MM/RR'),'18790','19');
Insert into VENTA (NRO_BOLETA,COD_CLIENTE,FECHA_VENTA,MONTO_NETO,PORC_IVA) values ('30','5',to_date('01/03/17','DD/MM/RR'),'23590','19');
Insert into VENTA (NRO_BOLETA,COD_CLIENTE,FECHA_VENTA,MONTO_NETO,PORC_IVA) values ('40','6',to_date('02/03/17','DD/MM/RR'),'10131','19');
Insert into VENTA (NRO_BOLETA,COD_CLIENTE,FECHA_VENTA,MONTO_NETO,PORC_IVA) values ('50','7',to_date('02/03/17','DD/MM/RR'),'14294','19');
Insert into VENTA (NRO_BOLETA,COD_CLIENTE,FECHA_VENTA,MONTO_NETO,PORC_IVA) values ('60','8',to_date('03/03/17','DD/MM/RR'),'12162','19');
Insert into VENTA (NRO_BOLETA,COD_CLIENTE,FECHA_VENTA,MONTO_NETO,PORC_IVA) values ('70','9',to_date('03/03/17','DD/MM/RR'),'32485','19');
Insert into VENTA (NRO_BOLETA,COD_CLIENTE,FECHA_VENTA,MONTO_NETO,PORC_IVA) values ('80','10',to_date('03/03/17','DD/MM/RR'),'17807','19');
Insert into VENTA (NRO_BOLETA,COD_CLIENTE,FECHA_VENTA,MONTO_NETO,PORC_IVA) values ('90','3',to_date('06/03/17','DD/MM/RR'),'19779','19');
Insert into VENTA (NRO_BOLETA,COD_CLIENTE,FECHA_VENTA,MONTO_NETO,PORC_IVA) values ('100','4',to_date('07/03/17','DD/MM/RR'),'13106','19');
Insert into VENTA (NRO_BOLETA,COD_CLIENTE,FECHA_VENTA,MONTO_NETO,PORC_IVA) values ('110','5',to_date('07/03/17','DD/MM/RR'),'10665','19');
Insert into VENTA (NRO_BOLETA,COD_CLIENTE,FECHA_VENTA,MONTO_NETO,PORC_IVA) values ('120','6',to_date('07/03/17','DD/MM/RR'),'15047','19');
Insert into VENTA (NRO_BOLETA,COD_CLIENTE,FECHA_VENTA,MONTO_NETO,PORC_IVA) values ('130','4',to_date('08/03/17','DD/MM/RR'),'40626','21');
Insert into VENTA (NRO_BOLETA,COD_CLIENTE,FECHA_VENTA,MONTO_NETO,PORC_IVA) values ('140','3',to_date('08/03/17','DD/MM/RR'),'12803','21');
Insert into VENTA (NRO_BOLETA,COD_CLIENTE,FECHA_VENTA,MONTO_NETO,PORC_IVA) values ('150','4',to_date('10/03/17','DD/MM/RR'),'12803','21');
--------------------------------------------------------
--  DDL for Index AUTOR_PK
--------------------------------------------------------

  CREATE UNIQUE INDEX AUTOR_PK ON AUTOR (IDENTIFICADOR_AUTOR) 
  ;
--------------------------------------------------------
--  DDL for Index CATEGORIA_PK
--------------------------------------------------------

  CREATE UNIQUE INDEX CATEGORIA_PK ON CATEGORIA (ID_CATEGORIA) 
  ;
--------------------------------------------------------
--  DDL for Index CLIENTE_PK
--------------------------------------------------------

  CREATE UNIQUE INDEX CLIENTE_PK ON CLIENTE (COD_CLIENTE) 
  ;
--------------------------------------------------------
--  DDL for Index COMUNA_PK
--------------------------------------------------------

  CREATE UNIQUE INDEX COMUNA_PK ON COMUNA (IDEN_COMUNA) 
  ;
--------------------------------------------------------
--  DDL for Index EDITORIAL_PK
--------------------------------------------------------

  CREATE UNIQUE INDEX EDITORIAL_PK ON EDITORIAL (RUT) 
  ;
--------------------------------------------------------
--  DDL for Index LIBRO_PK
--------------------------------------------------------

  CREATE UNIQUE INDEX LIBRO_PK ON LIBRO (CORRELATIVO_LIBRO) 
  ;
--------------------------------------------------------
--  DDL for Index VENTA_PK
--------------------------------------------------------

  CREATE UNIQUE INDEX VENTA_PK ON VENTA (NRO_BOLETA) 
  ;
--------------------------------------------------------
--  Constraints for Table AUTOR
--------------------------------------------------------

  ALTER TABLE AUTOR ADD CONSTRAINT AUTOR_PK PRIMARY KEY (IDENTIFICADOR_AUTOR) ENABLE;
  ALTER TABLE AUTOR MODIFY (RUT_EDITORIAL NOT NULL ENABLE);
  ALTER TABLE AUTOR MODIFY (NACIONALIDAD NOT NULL ENABLE);
  ALTER TABLE AUTOR MODIFY (APELLIDO_PATERNO NOT NULL ENABLE);
  ALTER TABLE AUTOR MODIFY (IDENTIFICADOR_AUTOR NOT NULL ENABLE);
--------------------------------------------------------
--  Constraints for Table CATEGORIA
--------------------------------------------------------

  ALTER TABLE CATEGORIA ADD CONSTRAINT CATEGORIA_PK PRIMARY KEY (ID_CATEGORIA) ENABLE;
  ALTER TABLE CATEGORIA MODIFY (ID_CATEGORIA NOT NULL ENABLE);
--------------------------------------------------------
--  Constraints for Table CLIENTE
--------------------------------------------------------

  ALTER TABLE CLIENTE ADD CONSTRAINT CLIENTE_PK PRIMARY KEY (COD_CLIENTE) ENABLE;
  ALTER TABLE CLIENTE MODIFY (AP_PATERNO NOT NULL ENABLE);
  ALTER TABLE CLIENTE MODIFY (NOMBRES NOT NULL ENABLE);
  ALTER TABLE CLIENTE MODIFY (COD_CLIENTE NOT NULL ENABLE);
--------------------------------------------------------
--  Constraints for Table COMUNA
--------------------------------------------------------

  ALTER TABLE COMUNA ADD CONSTRAINT COMUNA_PK PRIMARY KEY (IDEN_COMUNA) ENABLE;
  ALTER TABLE COMUNA MODIFY (DESCRIPCION_COMUNA NOT NULL ENABLE);
  ALTER TABLE COMUNA MODIFY (IDEN_COMUNA NOT NULL ENABLE);
--------------------------------------------------------
--  Constraints for Table DETALLE_VENTA
--------------------------------------------------------

  ALTER TABLE DETALLE_VENTA MODIFY (CANTIDAD NOT NULL ENABLE);
  ALTER TABLE DETALLE_VENTA MODIFY (CORRELATIVO_LIBRO NOT NULL ENABLE);
  ALTER TABLE DETALLE_VENTA MODIFY (NRO_BOLETA NOT NULL ENABLE);
--------------------------------------------------------
--  Constraints for Table EDITORIAL
--------------------------------------------------------

  ALTER TABLE EDITORIAL ADD CONSTRAINT EDITORIAL_PK PRIMARY KEY (RUT) ENABLE;
  ALTER TABLE EDITORIAL MODIFY (DIRECCION_CASA_MATRIZ NOT NULL ENABLE);
  ALTER TABLE EDITORIAL MODIFY (NOMBRE_EDITORIAL NOT NULL ENABLE);
  ALTER TABLE EDITORIAL MODIFY (RUT NOT NULL ENABLE);
--------------------------------------------------------
--  Constraints for Table LIBRO
--------------------------------------------------------

  ALTER TABLE LIBRO ADD CONSTRAINT LIBRO_PK PRIMARY KEY (CORRELATIVO_LIBRO) ENABLE;
  ALTER TABLE LIBRO MODIFY (IDENTIFICADOR_AUTOR NOT NULL ENABLE);
  ALTER TABLE LIBRO MODIFY (ID_CATEGORIA NOT NULL ENABLE);
  ALTER TABLE LIBRO MODIFY (TITULO NOT NULL ENABLE);
  ALTER TABLE LIBRO MODIFY (CORRELATIVO_LIBRO NOT NULL ENABLE);
--------------------------------------------------------
--  Constraints for Table VENTA
--------------------------------------------------------

  ALTER TABLE VENTA ADD CONSTRAINT VENTA_PK PRIMARY KEY (NRO_BOLETA) ENABLE;
  ALTER TABLE VENTA MODIFY (COD_CLIENTE NOT NULL ENABLE);
  ALTER TABLE VENTA MODIFY (NRO_BOLETA NOT NULL ENABLE);
--------------------------------------------------------
--  Ref Constraints for Table AUTOR
--------------------------------------------------------

  ALTER TABLE AUTOR ADD CONSTRAINT AUTOR_EDITORIAL_FK FOREIGN KEY (RUT_EDITORIAL)
	  REFERENCES EDITORIAL (RUT) ENABLE;


--------------------------------------------------------
--  Ref Constraints for Table DETALLE_VENTA
--------------------------------------------------------

  ALTER TABLE DETALLE_VENTA ADD CONSTRAINT DETALLE_VENTA_LIBRO_FK FOREIGN KEY (CORRELATIVO_LIBRO)
	  REFERENCES LIBRO (CORRELATIVO_LIBRO) ENABLE;
  ALTER TABLE DETALLE_VENTA ADD CONSTRAINT DETALLE_VENTA_VENTA_FK FOREIGN KEY (NRO_BOLETA)
	  REFERENCES VENTA (NRO_BOLETA) ENABLE;
--------------------------------------------------------
--  Ref Constraints for Table LIBRO
--------------------------------------------------------

  ALTER TABLE LIBRO ADD CONSTRAINT LIBRO_AUTOR_FK FOREIGN KEY (IDENTIFICADOR_AUTOR)
	  REFERENCES AUTOR (IDENTIFICADOR_AUTOR) ENABLE;
  ALTER TABLE LIBRO ADD CONSTRAINT LIBRO_CATEGORIA_FK FOREIGN KEY (ID_CATEGORIA)
	  REFERENCES CATEGORIA (ID_CATEGORIA) ENABLE;
--------------------------------------------------------
--  Ref Constraints for Table VENTA
--------------------------------------------------------

  ALTER TABLE VENTA ADD CONSTRAINT VENTA_CLIENTE_FK FOREIGN KEY (COD_CLIENTE)
	  REFERENCES CLIENTE (COD_CLIENTE) ENABLE;
